<list>
  <item>
    <placement>0</placement>
    <par1>
      <kind>0</kind>
      <value>123.0</value>
      <initValue>111.0</initValue>
      <level>1</level>
      <maxLevel>16</maxLevel>
      <increment>0.8</increment>
    </par1>
    <par2>
      <kind>0</kind>
      <value>20.0</value>
      <initValue>14.0</initValue>
      <level>1</level>
      <maxLevel>16</maxLevel>
      <increment>0.4</increment>
    </par2>
    <par3>
      <kind>0</kind>
      <value>27.0</value>
      <initValue>21.0</initValue>
      <level>1</level>
      <maxLevel>16</maxLevel>
      <increment>0.4</increment>
    </par3>
    <name>рлолол</name>
    <pars>
      <float>170.0</float>
      <float>0.0</float>
      <float>0.0</float>
      <float>0.0</float>
      <float>0.0</float>
      <float>0.0</float>
      <float>0.0</float>
      <float>0.0</float>
      <float>0.0</float>
      <float>0.0</float>
      <float>0.0</float>
      <float>0.0</float>
    </pars>
  </item>
  <item>
    <placement>0</placement>
    <par1>
      <kind>0</kind>
      <value>22.0</value>
      <initValue>10.0</initValue>
      <level>1</level>
      <maxLevel>16</maxLevel>
      <increment>0.8</increment>
    </par1>
    <par2>
      <kind>0</kind>
      <value>16.0</value>
      <initValue>10.0</initValue>
      <level>1</level>
      <maxLevel>16</maxLevel>
      <increment>0.4</increment>
    </par2>
    <par3>
      <kind>0</kind>
      <value>16.0</value>
      <initValue>10.0</initValue>
      <level>1</level>
      <maxLevel>16</maxLevel>
      <increment>0.4</increment>
    </par3>
    <name>ыфвфыв</name>
    <pars>
      <float>54.0</float>
      <float>0.0</float>
      <float>0.0</float>
      <float>0.0</float>
      <float>0.0</float>
      <float>0.0</float>
      <float>0.0</float>
      <float>0.0</float>
      <float>0.0</float>
      <float>0.0</float>
      <float>0.0</float>
      <float>0.0</float>
    </pars>
  </item>
  <item>
    <placement>2</placement>
    <par1>
      <kind>0</kind>
      <value>63.3</value>
      <initValue>52.1</initValue>
      <level>4</level>
      <maxLevel>20</maxLevel>
      <increment>0.7</increment>
    </par1>
    <par2>
      <kind>1</kind>
      <value>53.5</value>
      <initValue>47.1</initValue>
      <level>4</level>
      <maxLevel>20</maxLevel>
      <increment>0.4</increment>
    </par2>
    <par3>
      <kind>3</kind>
      <value>19.0</value>
      <initValue>14.2</initValue>
      <level>4</level>
      <maxLevel>20</maxLevel>
      <increment>0.3</increment>
    </par3>
    <name>klkj</name>
    <pars>
      <float>63.3</float>
      <float>53.5</float>
      <float>0.0</float>
      <float>19.0</float>
      <float>0.0</float>
      <float>0.0</float>
      <float>0.0</float>
      <float>0.0</float>
      <float>0.0</float>
      <float>0.0</float>
      <float>0.0</float>
      <float>0.0</float>
    </pars>
  </item>
  <item>
    <placement>2</placement>
    <par1>
      <kind>0</kind>
      <value>67.7</value>
      <initValue>54.1</initValue>
      <level>3</level>
      <maxLevel>20</maxLevel>
      <increment>0.8</increment>
    </par1>
    <par2>
      <kind>6</kind>
      <value>52.3</value>
      <initValue>45.5</initValue>
      <level>3</level>
      <maxLevel>20</maxLevel>
      <increment>0.4</increment>
    </par2>
    <par3>
      <kind>2</kind>
      <value>11.0</value>
      <initValue>4.2</initValue>
      <level>3</level>
      <maxLevel>20</maxLevel>
      <increment>0.4</increment>
    </par3>
    <name>454545</name>
    <pars>
      <float>67.7</float>
      <float>0.0</float>
      <float>11.0</float>
      <float>0.0</float>
      <float>0.0</float>
      <float>0.0</float>
      <float>52.3</float>
      <float>0.0</float>
      <float>0.0</float>
      <float>0.0</float>
      <float>0.0</float>
      <float>0.0</float>
    </pars>
  </item>
  <item>
    <placement>3</placement>
    <par1>
      <kind>1</kind>
      <value>21.2</value>
      <initValue>10.0</initValue>
      <level>4</level>
      <maxLevel>20</maxLevel>
      <increment>0.7</increment>
    </par1>
    <par2>
      <kind>3</kind>
      <value>9.8</value>
      <initValue>5.0</initValue>
      <level>4</level>
      <maxLevel>20</maxLevel>
      <increment>0.3</increment>
    </par2>
    <par3>
      <kind>3</kind>
      <value>19.8</value>
      <initValue>15.0</initValue>
      <level>4</level>
      <maxLevel>20</maxLevel>
      <increment>0.3</increment>
    </par3>
    <name>fsdfd</name>
    <pars>
      <float>0.0</float>
      <float>21.2</float>
      <float>0.0</float>
      <float>29.599998</float>
      <float>0.0</float>
      <float>0.0</float>
      <float>0.0</float>
      <float>0.0</float>
      <float>0.0</float>
      <float>0.0</float>
      <float>0.0</float>
      <float>0.0</float>
    </pars>
  </item>
  <item>
    <placement>0</placement>
    <par1>
      <kind>0</kind>
      <value>22.0</value>
      <initValue>10.0</initValue>
      <level>1</level>
      <maxLevel>16</maxLevel>
      <increment>0.8</increment>
    </par1>
    <par2>
      <kind>0</kind>
      <value>16.0</value>
      <initValue>10.0</initValue>
      <level>1</level>
      <maxLevel>16</maxLevel>
      <increment>0.4</increment>
    </par2>
    <par3>
      <kind>0</kind>
      <value>16.0</value>
      <initValue>10.0</initValue>
      <level>1</level>
      <maxLevel>16</maxLevel>
      <increment>0.4</increment>
    </par3>
    <name>hjkk</name>
    <pars>
      <float>54.0</float>
      <float>0.0</float>
      <float>0.0</float>
      <float>0.0</float>
      <float>0.0</float>
      <float>0.0</float>
      <float>0.0</float>
      <float>0.0</float>
      <float>0.0</float>
      <float>0.0</float>
      <float>0.0</float>
      <float>0.0</float>
    </pars>
  </item>
  <item>
    <placement>0</placement>
    <par1>
      <kind>0</kind>
      <value>22.0</value>
      <initValue>10.0</initValue>
      <level>1</level>
      <maxLevel>16</maxLevel>
      <increment>0.8</increment>
    </par1>
    <par2>
      <kind>0</kind>
      <value>107.0</value>
      <initValue>101.0</initValue>
      <level>1</level>
      <maxLevel>16</maxLevel>
      <increment>0.4</increment>
    </par2>
    <par3>
      <kind>0</kind>
      <value>16.0</value>
      <initValue>10.0</initValue>
      <level>1</level>
      <maxLevel>16</maxLevel>
      <increment>0.4</increment>
    </par3>
    <name>adasd</name>
    <pars>
      <float>145.0</float>
      <float>0.0</float>
      <float>0.0</float>
      <float>0.0</float>
      <float>0.0</float>
      <float>0.0</float>
      <float>0.0</float>
      <float>0.0</float>
      <float>0.0</float>
      <float>0.0</float>
      <float>0.0</float>
      <float>0.0</float>
    </pars>
  </item>
  <item>
    <placement>2</placement>
    <par1>
      <kind>6</kind>
      <value>25.2</value>
      <initValue>10.0</initValue>
      <level>1</level>
      <maxLevel>20</maxLevel>
      <increment>0.8</increment>
    </par1>
    <par2>
      <kind>4</kind>
      <value>17.6</value>
      <initValue>10.0</initValue>
      <level>1</level>
      <maxLevel>20</maxLevel>
      <increment>0.4</increment>
    </par2>
    <par3>
      <kind>7</kind>
      <value>17.6</value>
      <initValue>10.0</initValue>
      <level>1</level>
      <maxLevel>20</maxLevel>
      <increment>0.4</increment>
    </par3>
    <name>45455</name>
    <pars>
      <float>0.0</float>
      <float>0.0</float>
      <float>0.0</float>
      <float>0.0</float>
      <float>17.6</float>
      <float>0.0</float>
      <float>25.2</float>
      <float>17.6</float>
      <float>0.0</float>
      <float>0.0</float>
      <float>0.0</float>
      <float>0.0</float>
    </pars>
  </item>
  <item>
    <placement>3</placement>
    <par1>
      <kind>2</kind>
      <value>20.8</value>
      <initValue>20.0</initValue>
      <level>15</level>
      <maxLevel>16</maxLevel>
      <increment>0.8</increment>
    </par1>
    <par2>
      <kind>2</kind>
      <value>20.4</value>
      <initValue>20.0</initValue>
      <level>15</level>
      <maxLevel>16</maxLevel>
      <increment>0.4</increment>
    </par2>
    <par3>
      <kind>2</kind>
      <value>25.4</value>
      <initValue>25.0</initValue>
      <level>15</level>
      <maxLevel>16</maxLevel>
      <increment>0.4</increment>
    </par3>
    <name>123123</name>
    <pars>
      <float>0.0</float>
      <float>0.0</float>
      <float>66.6</float>
      <float>0.0</float>
      <float>0.0</float>
      <float>0.0</float>
      <float>0.0</float>
      <float>0.0</float>
      <float>0.0</float>
      <float>0.0</float>
      <float>0.0</float>
      <float>0.0</float>
    </pars>
  </item>
  <item>
    <placement>1</placement>
    <par1>
      <kind>0</kind>
      <value>25.2</value>
      <initValue>10.0</initValue>
      <level>1</level>
      <maxLevel>20</maxLevel>
      <increment>0.8</increment>
    </par1>
    <par2>
      <kind>0</kind>
      <value>27.6</value>
      <initValue>20.0</initValue>
      <level>1</level>
      <maxLevel>20</maxLevel>
      <increment>0.4</increment>
    </par2>
    <par3>
      <kind>0</kind>
      <value>37.6</value>
      <initValue>30.0</initValue>
      <level>1</level>
      <maxLevel>20</maxLevel>
      <increment>0.4</increment>
    </par3>
    <name>sadad</name>
    <pars>
      <float>90.4</float>
      <float>0.0</float>
      <float>0.0</float>
      <float>0.0</float>
      <float>0.0</float>
      <float>0.0</float>
      <float>0.0</float>
      <float>0.0</float>
      <float>0.0</float>
      <float>0.0</float>
      <float>0.0</float>
      <float>0.0</float>
    </pars>
  </item>
  <item>
    <placement>0</placement>
    <par1>
      <kind>1</kind>
      <value>10.0</value>
      <initValue>10.0</initValue>
      <level>16</level>
      <maxLevel>16</maxLevel>
      <increment>0.8</increment>
    </par1>
    <par2>
      <kind>3</kind>
      <value>15.0</value>
      <initValue>15.0</initValue>
      <level>16</level>
      <maxLevel>16</maxLevel>
      <increment>0.4</increment>
    </par2>
    <par3>
      <kind>1</kind>
      <value>20.0</value>
      <initValue>20.0</initValue>
      <level>16</level>
      <maxLevel>16</maxLevel>
      <increment>0.4</increment>
    </par3>
    <name>Тест</name>
    <pars>
      <float>0.0</float>
      <float>30.0</float>
      <float>0.0</float>
      <float>15.0</float>
      <float>0.0</float>
      <float>0.0</float>
      <float>0.0</float>
      <float>0.0</float>
      <float>0.0</float>
      <float>0.0</float>
      <float>0.0</float>
      <float>0.0</float>
    </pars>
  </item>
</list>